Handle,Title,Body (HTML),Vendor,Product Category,Type,Tags,Published,Option1 Name,Option1 Value,Option2 Name,Option2 Value,Variant SKU,Variant Grams,Variant Inventory Tracker,Variant Inventory Qty,Variant Inventory Policy,Variant Fulfillment Service,Variant Price,Variant Compare At Price,Variant Requires Shipping,Variant Taxable,Variant Barcode,Image Src,Image Position,Image Alt Text,Gift Card,SEO Title,SEO Description,Status
01-crimson-paisley-kurta,Crimson Paisley Kurta,"<p>Hand-embroidered in Lucknow with white chikankari paisley and floral motifs on a deep crimson mul cotton base.</p>
<p>The yoke and borders carry generous keri (paisley) and bel (vine) work in dense bakhiya shadow stitch — the most striking signature of Lucknowi chikankari, where the embroidery is worked from the reverse and shows through softly on the front.</p>
<p>A festive piece designed to anchor wedding-season dressing. Pair with churidar and a contrasting dupatta.</p>
<p><strong>Fabric:</strong> Mul Cotton</p>
<p><strong>Colour:</strong> Crimson Red</p>
<p><strong>Care:</strong> Dry clean only. Store flat, away from direct sunlight.</p>
<p><strong>Origin:</strong> Hand-embroidered in Lucknow, India.</p>",Chikankari Lane,Apparel & Accessories > Clothing,Kurta,"bridal, crimson-red, festive, kurta, mul-cotton",true,Size,XS,,,01-crimson-paisley-kurta-XS,400,shopify,5,deny,manual,8000.00,,true,true,,FILE://01-flatlay.jpg,1,Crimson Paisley Kurta — flatlay,false,Crimson Paisley Kurta | Hand-Embroidered Lucknowi Chikankari | Chikankari Lane,Hand-embroidered in Lucknow with white chikankari paisley and floral motifs on a deep crimson mul cotton base.,active
01-crimson-paisley-kurta,,,,,,,,Size,S,,,01-crimson-paisley-kurta-S,400,shopify,5,deny,manual,8000.00,,true,true,,,,,,,,
01-crimson-paisley-kurta,,,,,,,,Size,M,,,01-crimson-paisley-kurta-M,400,shopify,5,deny,manual,8000.00,,true,true,,,,,,,,
01-crimson-paisley-kurta,,,,,,,,Size,L,,,01-crimson-paisley-kurta-L,400,shopify,5,deny,manual,8000.00,,true,true,,,,,,,,
01-crimson-paisley-kurta,,,,,,,,Size,XL,,,01-crimson-paisley-kurta-XL,400,shopify,5,deny,manual,8000.00,,true,true,,,,,,,,
01-crimson-paisley-kurta,,,,,,,,Size,XXL,,,01-crimson-paisley-kurta-XXL,400,shopify,5,deny,manual,8000.00,,true,true,,,,,,,,
01-crimson-paisley-kurta,,,,,,,,,,,,,,,,,,,,,,,FILE://02-flatlay-alt.jpg,2,Crimson Paisley Kurta — flatlay alt,,,,
01-crimson-paisley-kurta,,,,,,,,,,,,,,,,,,,,,,,FILE://03-yoke-detail.jpg,3,Crimson Paisley Kurta — yoke detail,,,,
01-crimson-paisley-kurta,,,,,,,,,,,,,,,,,,,,,,,FILE://04-yoke-styled.jpg,4,Crimson Paisley Kurta — yoke styled,,,,
01-crimson-paisley-kurta,,,,,,,,,,,,,,,,,,,,,,,FILE://05-embroidery-macro.jpg,5,Crimson Paisley Kurta — embroidery macro,,,,
02-powder-blue-floral-kurta,Powder Blue Floral Kurta,"<p>A tonal study in powder blue and white. Dense allover chikankari floral work in fine bakhiya and jaali — the embroidery so closely set it reads almost like lace.</p>
<p>Mul cotton keeps it breathable through long summer afternoons. The whole piece is the work of weeks of hand-stitching by a single artisan family in Lucknow.</p>
<p>Wears beautifully on its own with white churidar, or layered with deeper jewel tones for festive occasions.</p>
<p><strong>Fabric:</strong> Mul Cotton</p>
<p><strong>Colour:</strong> Powder Blue</p>
<p><strong>Care:</strong> Dry clean only. Store flat, away from direct sunlight.</p>
<p><strong>Origin:</strong> Hand-embroidered in Lucknow, India.</p>",Chikankari Lane,Apparel & Accessories > Clothing,Kurta,"everyday, festive, kurta, mul-cotton, powder-blue",true,Size,XS,,,02-powder-blue-floral-kurta-XS,400,shopify,5,deny,manual,8000.00,,true,true,,FILE://01-flatlay.jpg,1,Powder Blue Floral Kurta — flatlay,false,Powder Blue Floral Kurta | Hand-Embroidered Lucknowi Chikankari | Chikankari Lane,A tonal study in powder blue and white. Dense allover chikankari floral work in fine bakhiya and jaali — the embroidery so closely set it reads almost like lace.,active
02-powder-blue-floral-kurta,,,,,,,,Size,S,,,02-powder-blue-floral-kurta-S,400,shopify,5,deny,manual,8000.00,,true,true,,,,,,,,
02-powder-blue-floral-kurta,,,,,,,,Size,M,,,02-powder-blue-floral-kurta-M,400,shopify,5,deny,manual,8000.00,,true,true,,,,,,,,
02-powder-blue-floral-kurta,,,,,,,,Size,L,,,02-powder-blue-floral-kurta-L,400,shopify,5,deny,manual,8000.00,,true,true,,,,,,,,
02-powder-blue-floral-kurta,,,,,,,,Size,XL,,,02-powder-blue-floral-kurta-XL,400,shopify,5,deny,manual,8000.00,,true,true,,,,,,,,
02-powder-blue-floral-kurta,,,,,,,,Size,XXL,,,02-powder-blue-floral-kurta-XXL,400,shopify,5,deny,manual,8000.00,,true,true,,,,,,,,
02-powder-blue-floral-kurta,,,,,,,,,,,,,,,,,,,,,,,FILE://02-yoke-detail.jpg,2,Powder Blue Floral Kurta — yoke detail,,,,
02-powder-blue-floral-kurta,,,,,,,,,,,,,,,,,,,,,,,FILE://03-folded-tray.jpg,3,Powder Blue Floral Kurta — folded tray,,,,
02-powder-blue-floral-kurta,,,,,,,,,,,,,,,,,,,,,,,FILE://04-pleated-texture.jpg,4,Powder Blue Floral Kurta — pleated texture,,,,
02-powder-blue-floral-kurta,,,,,,,,,,,,,,,,,,,,,,,FILE://05-embroidery-macro.jpg,5,Powder Blue Floral Kurta — embroidery macro,,,,
02-powder-blue-floral-kurta,,,,,,,,,,,,,,,,,,,,,,,FILE://06-folded-alt.jpg,6,Powder Blue Floral Kurta — folded alt,,,,
02-powder-blue-floral-kurta,,,,,,,,,,,,,,,,,,,,,,,FILE://07-portrait-flatlay.jpg,7,Powder Blue Floral Kurta — portrait flatlay,,,,
02-powder-blue-floral-kurta,,,,,,,,,,,,,,,,,,,,,,,FILE://08-portrait-flatlay-alt.jpg,8,Powder Blue Floral Kurta — portrait flatlay alt,,,,
03-sky-blue-chikankari-dupatta,Sky Blue Chikankari Dupatta,"<p>A featherweight sky-blue mul dupatta with open jaali (net) and linear floral chikankari — sparser, sketch-like work that lets the fabric breathe.</p>
<p>The scalloped embroidered edge is a defining touch — chikankari at its most restrained.</p>
<p>Drapes effortlessly over a plain kurta or a fitted blouse for an instant lift.</p>
<p><strong>Fabric:</strong> Mul Cotton</p>
<p><strong>Colour:</strong> Sky Blue</p>
<p><strong>Care:</strong> Dry clean only. Store flat, away from direct sunlight.</p>
<p><strong>Origin:</strong> Hand-embroidered in Lucknow, India.</p>",Chikankari Lane,Apparel & Accessories > Clothing,Dupatta,"dupatta, everyday, festive, mul-cotton, sky-blue",true,Size,XS,,,03-sky-blue-chikankari-dupatta-XS,400,shopify,5,deny,manual,8000.00,,true,true,,FILE://01-flatlay.jpg,1,Sky Blue Chikankari Dupatta — flatlay,false,Sky Blue Chikankari Dupatta | Hand-Embroidered Lucknowi Chikankari | Chikankari Lane,"A featherweight sky-blue mul dupatta with open jaali (net) and linear floral chikankari — sparser, sketch-like work that lets the fabric breathe.",active
03-sky-blue-chikankari-dupatta,,,,,,,,Size,S,,,03-sky-blue-chikankari-dupatta-S,400,shopify,5,deny,manual,8000.00,,true,true,,,,,,,,
03-sky-blue-chikankari-dupatta,,,,,,,,Size,M,,,03-sky-blue-chikankari-dupatta-M,400,shopify,5,deny,manual,8000.00,,true,true,,,,,,,,
03-sky-blue-chikankari-dupatta,,,,,,,,Size,L,,,03-sky-blue-chikankari-dupatta-L,400,shopify,5,deny,manual,8000.00,,true,true,,,,,,,,
03-sky-blue-chikankari-dupatta,,,,,,,,Size,XL,,,03-sky-blue-chikankari-dupatta-XL,400,shopify,5,deny,manual,8000.00,,true,true,,,,,,,,
03-sky-blue-chikankari-dupatta,,,,,,,,Size,XXL,,,03-sky-blue-chikankari-dupatta-XXL,400,shopify,5,deny,manual,8000.00,,true,true,,,,,,,,
03-sky-blue-chikankari-dupatta,,,,,,,,,,,,,,,,,,,,,,,FILE://02-flatlay-alt.jpg,2,Sky Blue Chikankari Dupatta — flatlay alt,,,,
03-sky-blue-chikankari-dupatta,,,,,,,,,,,,,,,,,,,,,,,FILE://03-flatlay-alt-2.jpg,3,Sky Blue Chikankari Dupatta — flatlay alt 2,,,,
04-sky-blue-striped-sequin-kurta,Sky Blue Striped Sequin Kurta,"<p>Vertical pinstripe stitching runs the length of this sky-blue kurta, broken by a delicate floral medallion at the centre of the yoke.</p>
<p>Mukaish (metallic dotting) and fine murri stitches catch the light — a quietly glamorous touch usually reserved for festive chikankari.</p>
<p>Best styled with a contrast dupatta and kundan jewellery.</p>
<p><strong>Fabric:</strong> Cotton Chanderi</p>
<p><strong>Colour:</strong> Sky Blue</p>
<p><strong>Care:</strong> Dry clean only. Store flat, away from direct sunlight.</p>
<p><strong>Origin:</strong> Hand-embroidered in Lucknow, India.</p>",Chikankari Lane,Apparel & Accessories > Clothing,Kurta,"cotton-chanderi, festive, kurta, sky-blue",true,Size,XS,,,04-sky-blue-striped-sequin-kurta-XS,400,shopify,5,deny,manual,8000.00,,true,true,,FILE://01-flatlay.jpg,1,Sky Blue Striped Sequin Kurta — flatlay,false,Sky Blue Striped Sequin Kurta | Hand-Embroidered Lucknowi Chikankari | Chikankari Lane,"Vertical pinstripe stitching runs the length of this sky-blue kurta, broken by a delicate floral medallion at the centre of the yoke.",active
04-sky-blue-striped-sequin-kurta,,,,,,,,Size,S,,,04-sky-blue-striped-sequin-kurta-S,400,shopify,5,deny,manual,8000.00,,true,true,,,,,,,,
04-sky-blue-striped-sequin-kurta,,,,,,,,Size,M,,,04-sky-blue-striped-sequin-kurta-M,400,shopify,5,deny,manual,8000.00,,true,true,,,,,,,,
04-sky-blue-striped-sequin-kurta,,,,,,,,Size,L,,,04-sky-blue-striped-sequin-kurta-L,400,shopify,5,deny,manual,8000.00,,true,true,,,,,,,,
04-sky-blue-striped-sequin-kurta,,,,,,,,Size,XL,,,04-sky-blue-striped-sequin-kurta-XL,400,shopify,5,deny,manual,8000.00,,true,true,,,,,,,,
04-sky-blue-striped-sequin-kurta,,,,,,,,Size,XXL,,,04-sky-blue-striped-sequin-kurta-XXL,400,shopify,5,deny,manual,8000.00,,true,true,,,,,,,,
04-sky-blue-striped-sequin-kurta,,,,,,,,,,,,,,,,,,,,,,,FILE://02-portrait.jpg,2,Sky Blue Striped Sequin Kurta — portrait,,,,
04-sky-blue-striped-sequin-kurta,,,,,,,,,,,,,,,,,,,,,,,FILE://03-yoke-medallion.jpg,3,Sky Blue Striped Sequin Kurta — yoke medallion,,,,
04-sky-blue-striped-sequin-kurta,,,,,,,,,,,,,,,,,,,,,,,FILE://04-yoke-tilted.jpg,4,Sky Blue Striped Sequin Kurta — yoke tilted,,,,
04-sky-blue-striped-sequin-kurta,,,,,,,,,,,,,,,,,,,,,,,FILE://05-yoke-alt.jpg,5,Sky Blue Striped Sequin Kurta — yoke alt,,,,
04-sky-blue-striped-sequin-kurta,,,,,,,,,,,,,,,,,,,,,,,FILE://06-styled-jewelry.jpg,6,Sky Blue Striped Sequin Kurta — styled jewelry,,,,
04-sky-blue-striped-sequin-kurta,,,,,,,,,,,,,,,,,,,,,,,FILE://07-yoke-angle.jpg,7,Sky Blue Striped Sequin Kurta — yoke angle,,,,
04-sky-blue-striped-sequin-kurta,,,,,,,,,,,,,,,,,,,,,,,FILE://08-embroidery-macro.jpg,8,Sky Blue Striped Sequin Kurta — embroidery macro,,,,
05-silver-grey-floral-dupatta,Silver Grey Floral Dupatta,"<p>A long, sheer silver-grey georgette dupatta with scattered floral cluster motifs — small bouquets in jaali and phanda, distributed in airy, hand-placed groupings.</p>
<p>Light, almost weightless. Designed to drape over festive lehengas and anarkalis without weight or fuss.</p>
<p>The grey base is rare in chikankari and pairs particularly well with both pastels and jewel tones.</p>
<p><strong>Fabric:</strong> Georgette</p>
<p><strong>Colour:</strong> Silver Grey</p>
<p><strong>Care:</strong> Dry clean only. Store flat, away from direct sunlight.</p>
<p><strong>Origin:</strong> Hand-embroidered in Lucknow, India.</p>",Chikankari Lane,Apparel & Accessories > Clothing,Dupatta,"bridal, dupatta, festive, georgette, silver-grey",true,Size,XS,,,05-silver-grey-floral-dupatta-XS,400,shopify,5,deny,manual,8000.00,,true,true,,FILE://01-flatlay.jpg,1,Silver Grey Floral Dupatta — flatlay,false,Silver Grey Floral Dupatta | Hand-Embroidered Lucknowi Chikankari | Chikankari Lane,"A long, sheer silver-grey georgette dupatta with scattered floral cluster motifs — small bouquets in jaali and phanda, distributed in airy, hand-placed groupings.",active
05-silver-grey-floral-dupatta,,,,,,,,Size,S,,,05-silver-grey-floral-dupatta-S,400,shopify,5,deny,manual,8000.00,,true,true,,,,,,,,
05-silver-grey-floral-dupatta,,,,,,,,Size,M,,,05-silver-grey-floral-dupatta-M,400,shopify,5,deny,manual,8000.00,,true,true,,,,,,,,
05-silver-grey-floral-dupatta,,,,,,,,Size,L,,,05-silver-grey-floral-dupatta-L,400,shopify,5,deny,manual,8000.00,,true,true,,,,,,,,
05-silver-grey-floral-dupatta,,,,,,,,Size,XL,,,05-silver-grey-floral-dupatta-XL,400,shopify,5,deny,manual,8000.00,,true,true,,,,,,,,
05-silver-grey-floral-dupatta,,,,,,,,Size,XXL,,,05-silver-grey-floral-dupatta-XXL,400,shopify,5,deny,manual,8000.00,,true,true,,,,,,,,
05-silver-grey-floral-dupatta,,,,,,,,,,,,,,,,,,,,,,,FILE://02-flatlay-alt.jpg,2,Silver Grey Floral Dupatta — flatlay alt,,,,
06-pearl-cluster-chikankari-kurta,Pearl Cluster Chikankari Kurta,"<p>Vertical panels of raised murri-cluster floral work — tiny rice-shaped knots arranged like pearls — give this pale silver-blue kurta its name.</p>
<p>The texture is unusually three-dimensional for chikankari, the result of layered phanda and murri stitches placed densely in vertical bands.</p>
<p>An understated festive piece. Pair with a matching dupatta and silver jewellery.</p>
<p><strong>Fabric:</strong> Cotton Chanderi</p>
<p><strong>Colour:</strong> Pale Silver Blue</p>
<p><strong>Care:</strong> Dry clean only. Store flat, away from direct sunlight.</p>
<p><strong>Origin:</strong> Hand-embroidered in Lucknow, India.</p>",Chikankari Lane,Apparel & Accessories > Clothing,Kurta,"bridal, cotton-chanderi, festive, kurta, pale-silver-blue",true,Size,XS,,,06-pearl-cluster-chikankari-kurta-XS,400,shopify,5,deny,manual,8000.00,,true,true,,FILE://01-yoke-tray.jpg,1,Pearl Cluster Chikankari Kurta — yoke tray,false,Pearl Cluster Chikankari Kurta | Hand-Embroidered Lucknowi Chikankari | Chikankari Lane,Vertical panels of raised murri-cluster floral work — tiny rice-shaped knots arranged like pearls — give this pale silver-blue kurta its name.,active
06-pearl-cluster-chikankari-kurta,,,,,,,,Size,S,,,06-pearl-cluster-chikankari-kurta-S,400,shopify,5,deny,manual,8000.00,,true,true,,,,,,,,
06-pearl-cluster-chikankari-kurta,,,,,,,,Size,M,,,06-pearl-cluster-chikankari-kurta-M,400,shopify,5,deny,manual,8000.00,,true,true,,,,,,,,
06-pearl-cluster-chikankari-kurta,,,,,,,,Size,L,,,06-pearl-cluster-chikankari-kurta-L,400,shopify,5,deny,manual,8000.00,,true,true,,,,,,,,
06-pearl-cluster-chikankari-kurta,,,,,,,,Size,XL,,,06-pearl-cluster-chikankari-kurta-XL,400,shopify,5,deny,manual,8000.00,,true,true,,,,,,,,
06-pearl-cluster-chikankari-kurta,,,,,,,,Size,XXL,,,06-pearl-cluster-chikankari-kurta-XXL,400,shopify,5,deny,manual,8000.00,,true,true,,,,,,,,
06-pearl-cluster-chikankari-kurta,,,,,,,,,,,,,,,,,,,,,,,FILE://02-yoke-alt.jpg,2,Pearl Cluster Chikankari Kurta — yoke alt,,,,
07-oatmeal-medallion-kurta,Oatmeal Medallion Kurta,"<p>A warm oatmeal mul kurta with vertical panels of white chikankari — large circular sunflower medallions framed by dense bel (vine) borders.</p>
<p>Fine murri and phanda stitches catch the light and add depth across the body.</p>
<p>Equally at home for daytime occasions and quiet evening events.</p>
<p><strong>Fabric:</strong> Mul Cotton</p>
<p><strong>Colour:</strong> Oatmeal</p>
<p><strong>Care:</strong> Dry clean only. Store flat, away from direct sunlight.</p>
<p><strong>Origin:</strong> Hand-embroidered in Lucknow, India.</p>",Chikankari Lane,Apparel & Accessories > Clothing,Kurta,"everyday, festive, kurta, mul-cotton, oatmeal",true,Size,XS,,,07-oatmeal-medallion-kurta-XS,400,shopify,5,deny,manual,8000.00,,true,true,,FILE://01-yoke-medallion.jpg,1,Oatmeal Medallion Kurta — yoke medallion,false,Oatmeal Medallion Kurta | Hand-Embroidered Lucknowi Chikankari | Chikankari Lane,A warm oatmeal mul kurta with vertical panels of white chikankari — large circular sunflower medallions framed by dense bel (vine) borders.,active
07-oatmeal-medallion-kurta,,,,,,,,Size,S,,,07-oatmeal-medallion-kurta-S,400,shopify,5,deny,manual,8000.00,,true,true,,,,,,,,
07-oatmeal-medallion-kurta,,,,,,,,Size,M,,,07-oatmeal-medallion-kurta-M,400,shopify,5,deny,manual,8000.00,,true,true,,,,,,,,
07-oatmeal-medallion-kurta,,,,,,,,Size,L,,,07-oatmeal-medallion-kurta-L,400,shopify,5,deny,manual,8000.00,,true,true,,,,,,,,
07-oatmeal-medallion-kurta,,,,,,,,Size,XL,,,07-oatmeal-medallion-kurta-XL,400,shopify,5,deny,manual,8000.00,,true,true,,,,,,,,
07-oatmeal-medallion-kurta,,,,,,,,Size,XXL,,,07-oatmeal-medallion-kurta-XXL,400,shopify,5,deny,manual,8000.00,,true,true,,,,,,,,
07-oatmeal-medallion-kurta,,,,,,,,,,,,,,,,,,,,,,,FILE://02-macro-wood.jpg,2,Oatmeal Medallion Kurta — macro wood,,,,
07-oatmeal-medallion-kurta,,,,,,,,,,,,,,,,,,,,,,,FILE://03-portrait.jpg,3,Oatmeal Medallion Kurta — portrait,,,,
07-oatmeal-medallion-kurta,,,,,,,,,,,,,,,,,,,,,,,FILE://04-styled-gold.jpg,4,Oatmeal Medallion Kurta — styled gold,,,,
08-beige-striped-border-dupatta,Beige Striped Border Dupatta,"<p>A subtly striped beige cotton dupatta finished with a single horizontal band of white chikankari medallions and bel work along one border.</p>
<p>Restrained, everyday-wearable — the kind of piece that quietly elevates a plain kurta into something thought-through.</p>
<p><strong>Fabric:</strong> Striped Cotton</p>
<p><strong>Colour:</strong> Beige</p>
<p><strong>Care:</strong> Dry clean only. Store flat, away from direct sunlight.</p>
<p><strong>Origin:</strong> Hand-embroidered in Lucknow, India.</p>",Chikankari Lane,Apparel & Accessories > Clothing,Dupatta,"beige, dupatta, everyday, striped-cotton",true,Size,XS,,,08-beige-striped-border-dupatta-XS,400,shopify,5,deny,manual,8000.00,,true,true,,FILE://01-flatlay.jpg,1,Beige Striped Border Dupatta — flatlay,false,Beige Striped Border Dupatta | Hand-Embroidered Lucknowi Chikankari | Chikankari Lane,A subtly striped beige cotton dupatta finished with a single horizontal band of white chikankari medallions and bel work along one border.,active
08-beige-striped-border-dupatta,,,,,,,,Size,S,,,08-beige-striped-border-dupatta-S,400,shopify,5,deny,manual,8000.00,,true,true,,,,,,,,
08-beige-striped-border-dupatta,,,,,,,,Size,M,,,08-beige-striped-border-dupatta-M,400,shopify,5,deny,manual,8000.00,,true,true,,,,,,,,
08-beige-striped-border-dupatta,,,,,,,,Size,L,,,08-beige-striped-border-dupatta-L,400,shopify,5,deny,manual,8000.00,,true,true,,,,,,,,
08-beige-striped-border-dupatta,,,,,,,,Size,XL,,,08-beige-striped-border-dupatta-XL,400,shopify,5,deny,manual,8000.00,,true,true,,,,,,,,
08-beige-striped-border-dupatta,,,,,,,,Size,XXL,,,08-beige-striped-border-dupatta-XXL,400,shopify,5,deny,manual,8000.00,,true,true,,,,,,,,
09-oatmeal-collared-chikankari-kurta,Oatmeal Collared Chikankari Kurta,"<p>A shirt-style collared kurta in oatmeal textured cotton — a less common silhouette in chikankari, designed to bridge ethnic and contemporary wardrobes.</p>
<p>Vertical panels alternate between jaali (net) stripes and floral medallion bands. The jaali work is created by separating the warp and weft threads of the fabric and binding the spaces with tiny buttonhole stitches — no thread is pulled through the cloth.</p>
<p>Wear with straight pants for work, or with churidar and jhumkas for an evening out.</p>
<p><strong>Fabric:</strong> Textured Cotton</p>
<p><strong>Colour:</strong> Oatmeal</p>
<p><strong>Care:</strong> Dry clean only. Store flat, away from direct sunlight.</p>
<p><strong>Origin:</strong> Hand-embroidered in Lucknow, India.</p>",Chikankari Lane,Apparel & Accessories > Clothing,Kurta,"everyday, kurta, oatmeal, textured-cotton, workwear",true,Size,XS,,,09-oatmeal-collared-chikankari-kurta-XS,400,shopify,5,deny,manual,8000.00,,true,true,,FILE://01-flatlay.jpg,1,Oatmeal Collared Chikankari Kurta — flatlay,false,Oatmeal Collared Chikankari Kurta | Hand-Embroidered Lucknowi Chikankari | Chikankari Lane,"A shirt-style collared kurta in oatmeal textured cotton — a less common silhouette in chikankari, designed to bridge ethnic and contemporary wardrobes.",active
09-oatmeal-collared-chikankari-kurta,,,,,,,,Size,S,,,09-oatmeal-collared-chikankari-kurta-S,400,shopify,5,deny,manual,8000.00,,true,true,,,,,,,,
09-oatmeal-collared-chikankari-kurta,,,,,,,,Size,M,,,09-oatmeal-collared-chikankari-kurta-M,400,shopify,5,deny,manual,8000.00,,true,true,,,,,,,,
09-oatmeal-collared-chikankari-kurta,,,,,,,,Size,L,,,09-oatmeal-collared-chikankari-kurta-L,400,shopify,5,deny,manual,8000.00,,true,true,,,,,,,,
09-oatmeal-collared-chikankari-kurta,,,,,,,,Size,XL,,,09-oatmeal-collared-chikankari-kurta-XL,400,shopify,5,deny,manual,8000.00,,true,true,,,,,,,,
09-oatmeal-collared-chikankari-kurta,,,,,,,,Size,XXL,,,09-oatmeal-collared-chikankari-kurta-XXL,400,shopify,5,deny,manual,8000.00,,true,true,,,,,,,,
09-oatmeal-collared-chikankari-kurta,,,,,,,,,,,,,,,,,,,,,,,FILE://02-yoke-collar.jpg,2,Oatmeal Collared Chikankari Kurta — yoke collar,,,,
09-oatmeal-collared-chikankari-kurta,,,,,,,,,,,,,,,,,,,,,,,FILE://03-collar-alt.jpg,3,Oatmeal Collared Chikankari Kurta — collar alt,,,,
09-oatmeal-collared-chikankari-kurta,,,,,,,,,,,,,,,,,,,,,,,FILE://04-portrait.jpg,4,Oatmeal Collared Chikankari Kurta — portrait,,,,
09-oatmeal-collared-chikankari-kurta,,,,,,,,,,,,,,,,,,,,,,,FILE://05-portrait-alt.jpg,5,Oatmeal Collared Chikankari Kurta — portrait alt,,,,
09-oatmeal-collared-chikankari-kurta,,,,,,,,,,,,,,,,,,,,,,,FILE://06-portrait-overhead.jpg,6,Oatmeal Collared Chikankari Kurta — portrait overhead,,,,
10-cornflower-blue-sunflower-kurta,Cornflower Blue Sunflower Kurta,"<p>The deepest blue in the collection — a cornflower mul cotton kurta with a fine self-checked weave running through the body.</p>
<p>White chikankari concentrates at the yoke in a large central sunflower motif framed by bel borders. Murri and shadow-work stitches sit close together, building texture without weight.</p>
<p>Pairs beautifully with white or off-white bottoms and contrast jewellery.</p>
<p><strong>Fabric:</strong> Checkered Mul Cotton</p>
<p><strong>Colour:</strong> Cornflower Blue</p>
<p><strong>Care:</strong> Dry clean only. Store flat, away from direct sunlight.</p>
<p><strong>Origin:</strong> Hand-embroidered in Lucknow, India.</p>",Chikankari Lane,Apparel & Accessories > Clothing,Kurta,"checkered-mul-cotton, cornflower-blue, everyday, festive, kurta",true,Size,XS,,,10-cornflower-blue-sunflower-kurta-XS,400,shopify,5,deny,manual,8000.00,,true,true,,FILE://01-flatlay.jpg,1,Cornflower Blue Sunflower Kurta — flatlay,false,Cornflower Blue Sunflower Kurta | Hand-Embroidered Lucknowi Chikankari | Chikankari Lane,The deepest blue in the collection — a cornflower mul cotton kurta with a fine self-checked weave running through the body.,active
10-cornflower-blue-sunflower-kurta,,,,,,,,Size,S,,,10-cornflower-blue-sunflower-kurta-S,400,shopify,5,deny,manual,8000.00,,true,true,,,,,,,,
10-cornflower-blue-sunflower-kurta,,,,,,,,Size,M,,,10-cornflower-blue-sunflower-kurta-M,400,shopify,5,deny,manual,8000.00,,true,true,,,,,,,,
10-cornflower-blue-sunflower-kurta,,,,,,,,Size,L,,,10-cornflower-blue-sunflower-kurta-L,400,shopify,5,deny,manual,8000.00,,true,true,,,,,,,,
10-cornflower-blue-sunflower-kurta,,,,,,,,Size,XL,,,10-cornflower-blue-sunflower-kurta-XL,400,shopify,5,deny,manual,8000.00,,true,true,,,,,,,,
10-cornflower-blue-sunflower-kurta,,,,,,,,Size,XXL,,,10-cornflower-blue-sunflower-kurta-XXL,400,shopify,5,deny,manual,8000.00,,true,true,,,,,,,,
10-cornflower-blue-sunflower-kurta,,,,,,,,,,,,,,,,,,,,,,,FILE://02-flatlay-alt.jpg,2,Cornflower Blue Sunflower Kurta — flatlay alt,,,,
10-cornflower-blue-sunflower-kurta,,,,,,,,,,,,,,,,,,,,,,,FILE://03-yoke-body.jpg,3,Cornflower Blue Sunflower Kurta — yoke body,,,,
10-cornflower-blue-sunflower-kurta,,,,,,,,,,,,,,,,,,,,,,,FILE://04-yoke-angle.jpg,4,Cornflower Blue Sunflower Kurta — yoke angle,,,,
10-cornflower-blue-sunflower-kurta,,,,,,,,,,,,,,,,,,,,,,,FILE://05-portrait.jpg,5,Cornflower Blue Sunflower Kurta — portrait,,,,
10-cornflower-blue-sunflower-kurta,,,,,,,,,,,,,,,,,,,,,,,FILE://06-portrait-alt.jpg,6,Cornflower Blue Sunflower Kurta — portrait alt,,,,
10-cornflower-blue-sunflower-kurta,,,,,,,,,,,,,,,,,,,,,,,FILE://07-yoke-detail.jpg,7,Cornflower Blue Sunflower Kurta — yoke detail,,,,
10-cornflower-blue-sunflower-kurta,,,,,,,,,,,,,,,,,,,,,,,FILE://08-embroidery-macro.jpg,8,Cornflower Blue Sunflower Kurta — embroidery macro,,,,
10-cornflower-blue-sunflower-kurta,,,,,,,,,,,,,,,,,,,,,,,FILE://09-yoke-closeup.jpg,9,Cornflower Blue Sunflower Kurta — yoke closeup,,,,
11-ivory-pink-chikankari-dupatta,Ivory & Pink Chikankari Dupatta,"<p>An ivory mul dupatta worked in a soft pink chikankari thread — a geometric diamond-lattice pattern with a tasselled, fringed edge.</p>
<p>Pink-on-ivory is a deeply traditional Lucknowi colourway. The diamond lattice is built from short repeated stitches, hand-counted across the weave.</p>
<p><strong>Fabric:</strong> Mul Cotton</p>
<p><strong>Colour:</strong> Ivory & Pink</p>
<p><strong>Care:</strong> Dry clean only. Store flat, away from direct sunlight.</p>
<p><strong>Origin:</strong> Hand-embroidered in Lucknow, India.</p>",Chikankari Lane,Apparel & Accessories > Clothing,Dupatta,"dupatta, everyday, festive, ivory-and-pink, mul-cotton",true,Size,XS,,,11-ivory-pink-chikankari-dupatta-XS,400,shopify,5,deny,manual,8000.00,,true,true,,FILE://01-flatlay-fringe.jpg,1,Ivory & Pink Chikankari Dupatta — flatlay fringe,false,Ivory & Pink Chikankari Dupatta | Hand-Embroidered Lucknowi Chikankari | Chikankari Lane,"An ivory mul dupatta worked in a soft pink chikankari thread — a geometric diamond-lattice pattern with a tasselled, fringed edge.",active
11-ivory-pink-chikankari-dupatta,,,,,,,,Size,S,,,11-ivory-pink-chikankari-dupatta-S,400,shopify,5,deny,manual,8000.00,,true,true,,,,,,,,
11-ivory-pink-chikankari-dupatta,,,,,,,,Size,M,,,11-ivory-pink-chikankari-dupatta-M,400,shopify,5,deny,manual,8000.00,,true,true,,,,,,,,
11-ivory-pink-chikankari-dupatta,,,,,,,,Size,L,,,11-ivory-pink-chikankari-dupatta-L,400,shopify,5,deny,manual,8000.00,,true,true,,,,,,,,
11-ivory-pink-chikankari-dupatta,,,,,,,,Size,XL,,,11-ivory-pink-chikankari-dupatta-XL,400,shopify,5,deny,manual,8000.00,,true,true,,,,,,,,
11-ivory-pink-chikankari-dupatta,,,,,,,,Size,XXL,,,11-ivory-pink-chikankari-dupatta-XXL,400,shopify,5,deny,manual,8000.00,,true,true,,,,,,,,
11-ivory-pink-chikankari-dupatta,,,,,,,,,,,,,,,,,,,,,,,FILE://02-flatlay-angle.jpg,2,Ivory & Pink Chikankari Dupatta — flatlay angle,,,,
11-ivory-pink-chikankari-dupatta,,,,,,,,,,,,,,,,,,,,,,,FILE://03-flatlay-fringe-alt.jpg,3,Ivory & Pink Chikankari Dupatta — flatlay fringe alt,,,,
11-ivory-pink-chikankari-dupatta,,,,,,,,,,,,,,,,,,,,,,,FILE://04-flatlay-alt.jpg,4,Ivory & Pink Chikankari Dupatta — flatlay alt,,,,
12-ivory-mul-pink-chikankari-kurta,Ivory Mul Kurta with Pink Chikankari,"<p>Dense allover small-floral chikankari in pale pink thread on an ivory mul base.</p>
<p>Jaali (net) and murri (knot) stitches build a continuous floral field across the yoke, with denser borders at the hem.</p>
<p>A versatile piece — light enough for daywear, finished enough for evening.</p>
<p><strong>Fabric:</strong> Mul Cotton</p>
<p><strong>Colour:</strong> Ivory with Pink</p>
<p><strong>Care:</strong> Dry clean only. Store flat, away from direct sunlight.</p>
<p><strong>Origin:</strong> Hand-embroidered in Lucknow, India.</p>",Chikankari Lane,Apparel & Accessories > Clothing,Kurta,"everyday, festive, ivory-with-pink, kurta, mul-cotton",true,Size,XS,,,12-ivory-mul-pink-chikankari-kurta-XS,400,shopify,5,deny,manual,8000.00,,true,true,,FILE://01-folded.jpg,1,Ivory Mul Kurta with Pink Chikankari — folded,false,Ivory Mul Kurta with Pink Chikankari | Hand-Embroidered Lucknowi Chikankari | Chikankari Lane,Dense allover small-floral chikankari in pale pink thread on an ivory mul base.,active
12-ivory-mul-pink-chikankari-kurta,,,,,,,,Size,S,,,12-ivory-mul-pink-chikankari-kurta-S,400,shopify,5,deny,manual,8000.00,,true,true,,,,,,,,
12-ivory-mul-pink-chikankari-kurta,,,,,,,,Size,M,,,12-ivory-mul-pink-chikankari-kurta-M,400,shopify,5,deny,manual,8000.00,,true,true,,,,,,,,
12-ivory-mul-pink-chikankari-kurta,,,,,,,,Size,L,,,12-ivory-mul-pink-chikankari-kurta-L,400,shopify,5,deny,manual,8000.00,,true,true,,,,,,,,
12-ivory-mul-pink-chikankari-kurta,,,,,,,,Size,XL,,,12-ivory-mul-pink-chikankari-kurta-XL,400,shopify,5,deny,manual,8000.00,,true,true,,,,,,,,
12-ivory-mul-pink-chikankari-kurta,,,,,,,,Size,XXL,,,12-ivory-mul-pink-chikankari-kurta-XXL,400,shopify,5,deny,manual,8000.00,,true,true,,,,,,,,
12-ivory-mul-pink-chikankari-kurta,,,,,,,,,,,,,,,,,,,,,,,FILE://02-folded-alt.jpg,2,Ivory Mul Kurta with Pink Chikankari — folded alt,,,,
12-ivory-mul-pink-chikankari-kurta,,,,,,,,,,,,,,,,,,,,,,,FILE://03-neckline.jpg,3,Ivory Mul Kurta with Pink Chikankari — neckline,,,,
12-ivory-mul-pink-chikankari-kurta,,,,,,,,,,,,,,,,,,,,,,,FILE://04-fold-detail.jpg,4,Ivory Mul Kurta with Pink Chikankari — fold detail,,,,
12-ivory-mul-pink-chikankari-kurta,,,,,,,,,,,,,,,,,,,,,,,FILE://05-portrait.jpg,5,Ivory Mul Kurta with Pink Chikankari — portrait,,,,
12-ivory-mul-pink-chikankari-kurta,,,,,,,,,,,,,,,,,,,,,,,FILE://06-flatlay.jpg,6,Ivory Mul Kurta with Pink Chikankari — flatlay,,,,
12-ivory-mul-pink-chikankari-kurta,,,,,,,,,,,,,,,,,,,,,,,FILE://07-flatlay-alt.jpg,7,Ivory Mul Kurta with Pink Chikankari — flatlay alt,,,,
12-ivory-mul-pink-chikankari-kurta,,,,,,,,,,,,,,,,,,,,,,,FILE://08-flatlay-alt-2.jpg,8,Ivory Mul Kurta with Pink Chikankari — flatlay alt 2,,,,
12-ivory-mul-pink-chikankari-kurta,,,,,,,,,,,,,,,,,,,,,,,FILE://09-yoke-earrings.jpg,9,Ivory Mul Kurta with Pink Chikankari — yoke earrings,,,,
13-blush-pink-mul-kurta,Blush Pink Mul Kurta,"<p>A blush-pink mul cotton kurta with dense allover white chikankari — large Mughal-style buta (paisley) panels along the borders, accented with mukaish (metallic) dotting.</p>
<p>The combination of bakhiya, murri and jaali gives the embroidery dimension and a soft inner glow.</p>
<p>A festive piece that reads beautifully against both warm and cool jewellery tones.</p>
<p><strong>Fabric:</strong> Mul Cotton</p>
<p><strong>Colour:</strong> Blush Pink</p>
<p><strong>Care:</strong> Dry clean only. Store flat, away from direct sunlight.</p>
<p><strong>Origin:</strong> Hand-embroidered in Lucknow, India.</p>",Chikankari Lane,Apparel & Accessories > Clothing,Kurta,"blush-pink, bridal, festive, kurta, mul-cotton",true,Size,XS,,,13-blush-pink-mul-kurta-XS,400,shopify,5,deny,manual,8000.00,,true,true,,FILE://01-flatlay.jpg,1,Blush Pink Mul Kurta — flatlay,false,Blush Pink Mul Kurta | Hand-Embroidered Lucknowi Chikankari | Chikankari Lane,"A blush-pink mul cotton kurta with dense allover white chikankari — large Mughal-style buta (paisley) panels along the borders, accented with mukaish (metallic) dotting.",active
13-blush-pink-mul-kurta,,,,,,,,Size,S,,,13-blush-pink-mul-kurta-S,400,shopify,5,deny,manual,8000.00,,true,true,,,,,,,,
13-blush-pink-mul-kurta,,,,,,,,Size,M,,,13-blush-pink-mul-kurta-M,400,shopify,5,deny,manual,8000.00,,true,true,,,,,,,,
13-blush-pink-mul-kurta,,,,,,,,Size,L,,,13-blush-pink-mul-kurta-L,400,shopify,5,deny,manual,8000.00,,true,true,,,,,,,,
13-blush-pink-mul-kurta,,,,,,,,Size,XL,,,13-blush-pink-mul-kurta-XL,400,shopify,5,deny,manual,8000.00,,true,true,,,,,,,,
13-blush-pink-mul-kurta,,,,,,,,Size,XXL,,,13-blush-pink-mul-kurta-XXL,400,shopify,5,deny,manual,8000.00,,true,true,,,,,,,,
13-blush-pink-mul-kurta,,,,,,,,,,,,,,,,,,,,,,,FILE://02-flatlay-alt.jpg,2,Blush Pink Mul Kurta — flatlay alt,,,,
13-blush-pink-mul-kurta,,,,,,,,,,,,,,,,,,,,,,,FILE://03-portrait.jpg,3,Blush Pink Mul Kurta — portrait,,,,
13-blush-pink-mul-kurta,,,,,,,,,,,,,,,,,,,,,,,FILE://04-folded.jpg,4,Blush Pink Mul Kurta — folded,,,,
13-blush-pink-mul-kurta,,,,,,,,,,,,,,,,,,,,,,,FILE://05-flatlay-alt-2.jpg,5,Blush Pink Mul Kurta — flatlay alt 2,,,,
13-blush-pink-mul-kurta,,,,,,,,,,,,,,,,,,,,,,,FILE://06-portrait-alt.jpg,6,Blush Pink Mul Kurta — portrait alt,,,,
13-blush-pink-mul-kurta,,,,,,,,,,,,,,,,,,,,,,,FILE://07-flatlay-kalash.jpg,7,Blush Pink Mul Kurta — flatlay kalash,,,,
13-blush-pink-mul-kurta,,,,,,,,,,,,,,,,,,,,,,,FILE://08-yoke.jpg,8,Blush Pink Mul Kurta — yoke,,,,
13-blush-pink-mul-kurta,,,,,,,,,,,,,,,,,,,,,,,FILE://09-folded-alt.jpg,9,Blush Pink Mul Kurta — folded alt,,,,
13-blush-pink-mul-kurta,,,,,,,,,,,,,,,,,,,,,,,FILE://10-yoke-alt.jpg,10,Blush Pink Mul Kurta — yoke alt,,,,
13-blush-pink-mul-kurta,,,,,,,,,,,,,,,,,,,,,,,FILE://11-border-macro.jpg,11,Blush Pink Mul Kurta — border macro,,,,
13-blush-pink-mul-kurta,,,,,,,,,,,,,,,,,,,,,,,FILE://12-buta-sequins-macro.jpg,12,Blush Pink Mul Kurta — buta sequins macro,,,,
14-ivory-mul-beige-chikankari-kurta,Ivory Mul Kurta with Beige Chikankari,"<p>Allover floral chikankari worked in warm beige and champagne thread on ivory mul — a tonal palette that reads softer and more sophisticated than the classic white-on-white.</p>
<p>Mughal-style butas and a dense floral border, finished with light mukaish accents and jaali along the edges.</p>
<p>Effortless to style — the warm tonal embroidery flatters most skin tones.</p>
<p><strong>Fabric:</strong> Mul Cotton</p>
<p><strong>Colour:</strong> Ivory with Beige</p>
<p><strong>Care:</strong> Dry clean only. Store flat, away from direct sunlight.</p>
<p><strong>Origin:</strong> Hand-embroidered in Lucknow, India.</p>",Chikankari Lane,Apparel & Accessories > Clothing,Kurta,"everyday, festive, ivory-with-beige, kurta, mul-cotton",true,Size,XS,,,14-ivory-mul-beige-chikankari-kurta-XS,400,shopify,5,deny,manual,8000.00,,true,true,,FILE://01-flatlay.jpg,1,Ivory Mul Kurta with Beige Chikankari — flatlay,false,Ivory Mul Kurta with Beige Chikankari | Hand-Embroidered Lucknowi Chikankari | Chikankari Lane,Allover floral chikankari worked in warm beige and champagne thread on ivory mul — a tonal palette that reads softer and more sophisticated than the classic white-on-white.,active
14-ivory-mul-beige-chikankari-kurta,,,,,,,,Size,S,,,14-ivory-mul-beige-chikankari-kurta-S,400,shopify,5,deny,manual,8000.00,,true,true,,,,,,,,
14-ivory-mul-beige-chikankari-kurta,,,,,,,,Size,M,,,14-ivory-mul-beige-chikankari-kurta-M,400,shopify,5,deny,manual,8000.00,,true,true,,,,,,,,
14-ivory-mul-beige-chikankari-kurta,,,,,,,,Size,L,,,14-ivory-mul-beige-chikankari-kurta-L,400,shopify,5,deny,manual,8000.00,,true,true,,,,,,,,
14-ivory-mul-beige-chikankari-kurta,,,,,,,,Size,XL,,,14-ivory-mul-beige-chikankari-kurta-XL,400,shopify,5,deny,manual,8000.00,,true,true,,,,,,,,
14-ivory-mul-beige-chikankari-kurta,,,,,,,,Size,XXL,,,14-ivory-mul-beige-chikankari-kurta-XXL,400,shopify,5,deny,manual,8000.00,,true,true,,,,,,,,
14-ivory-mul-beige-chikankari-kurta,,,,,,,,,,,,,,,,,,,,,,,FILE://02-flatlay-alt.jpg,2,Ivory Mul Kurta with Beige Chikankari — flatlay alt,,,,
14-ivory-mul-beige-chikankari-kurta,,,,,,,,,,,,,,,,,,,,,,,FILE://03-flatlay-alt-2.jpg,3,Ivory Mul Kurta with Beige Chikankari — flatlay alt 2,,,,
14-ivory-mul-beige-chikankari-kurta,,,,,,,,,,,,,,,,,,,,,,,FILE://04-portrait.jpg,4,Ivory Mul Kurta with Beige Chikankari — portrait,,,,
14-ivory-mul-beige-chikankari-kurta,,,,,,,,,,,,,,,,,,,,,,,FILE://05-yoke-border.jpg,5,Ivory Mul Kurta with Beige Chikankari — yoke border,,,,
14-ivory-mul-beige-chikankari-kurta,,,,,,,,,,,,,,,,,,,,,,,FILE://06-portrait-neckline.jpg,6,Ivory Mul Kurta with Beige Chikankari — portrait neckline,,,,
14-ivory-mul-beige-chikankari-kurta,,,,,,,,,,,,,,,,,,,,,,,FILE://07-portrait-alt.jpg,7,Ivory Mul Kurta with Beige Chikankari — portrait alt,,,,
14-ivory-mul-beige-chikankari-kurta,,,,,,,,,,,,,,,,,,,,,,,FILE://08-border-detail.jpg,8,Ivory Mul Kurta with Beige Chikankari — border detail,,,,
14-ivory-mul-beige-chikankari-kurta,,,,,,,,,,,,,,,,,,,,,,,FILE://09-yoke-macro.jpg,9,Ivory Mul Kurta with Beige Chikankari — yoke macro,,,,
14-ivory-mul-beige-chikankari-kurta,,,,,,,,,,,,,,,,,,,,,,,FILE://10-yoke-folded.jpg,10,Ivory Mul Kurta with Beige Chikankari — yoke folded,,,,
14-ivory-mul-beige-chikankari-kurta,,,,,,,,,,,,,,,,,,,,,,,FILE://11-portrait-alt-2.jpg,11,Ivory Mul Kurta with Beige Chikankari — portrait alt 2,,,,
15-navy-mul-chikankari-kurta,Navy Mul Chikankari Kurta,"<p>The most dramatic piece in the collection — a navy mul kurta worked end to end in dense white chikankari, including the rare bird and peacock motifs traditional to Awadhi embroidery.</p>
<p>Bakhiya shadow-work and murri knots are layered over the entire surface in white thread that pops against the deep navy ground.</p>
<p>An evening piece — pair with kundan or polki and a sheer dupatta.</p>
<p><strong>Fabric:</strong> Mul Cotton</p>
<p><strong>Colour:</strong> Navy Indigo</p>
<p><strong>Care:</strong> Dry clean only. Store flat, away from direct sunlight.</p>
<p><strong>Origin:</strong> Hand-embroidered in Lucknow, India.</p>",Chikankari Lane,Apparel & Accessories > Clothing,Kurta,"bridal, festive, kurta, mul-cotton, navy-indigo",true,Size,XS,,,15-navy-mul-chikankari-kurta-XS,400,shopify,5,deny,manual,8000.00,,true,true,,FILE://01-yoke.jpg,1,Navy Mul Chikankari Kurta — yoke,false,Navy Mul Chikankari Kurta | Hand-Embroidered Lucknowi Chikankari | Chikankari Lane,"The most dramatic piece in the collection — a navy mul kurta worked end to end in dense white chikankari, including the rare bird and peacock motifs traditional to Awadhi embroidery.",active
15-navy-mul-chikankari-kurta,,,,,,,,Size,S,,,15-navy-mul-chikankari-kurta-S,400,shopify,5,deny,manual,8000.00,,true,true,,,,,,,,
15-navy-mul-chikankari-kurta,,,,,,,,Size,M,,,15-navy-mul-chikankari-kurta-M,400,shopify,5,deny,manual,8000.00,,true,true,,,,,,,,
15-navy-mul-chikankari-kurta,,,,,,,,Size,L,,,15-navy-mul-chikankari-kurta-L,400,shopify,5,deny,manual,8000.00,,true,true,,,,,,,,
15-navy-mul-chikankari-kurta,,,,,,,,Size,XL,,,15-navy-mul-chikankari-kurta-XL,400,shopify,5,deny,manual,8000.00,,true,true,,,,,,,,
15-navy-mul-chikankari-kurta,,,,,,,,Size,XXL,,,15-navy-mul-chikankari-kurta-XXL,400,shopify,5,deny,manual,8000.00,,true,true,,,,,,,,
15-navy-mul-chikankari-kurta,,,,,,,,,,,,,,,,,,,,,,,FILE://02-yoke-alt.jpg,2,Navy Mul Chikankari Kurta — yoke alt,,,,
15-navy-mul-chikankari-kurta,,,,,,,,,,,,,,,,,,,,,,,FILE://03-yoke-folded.jpg,3,Navy Mul Chikankari Kurta — yoke folded,,,,
15-navy-mul-chikankari-kurta,,,,,,,,,,,,,,,,,,,,,,,FILE://04-yoke-alt-2.jpg,4,Navy Mul Chikankari Kurta — yoke alt 2,,,,
15-navy-mul-chikankari-kurta,,,,,,,,,,,,,,,,,,,,,,,FILE://05-portrait.jpg,5,Navy Mul Chikankari Kurta — portrait,,,,
15-navy-mul-chikankari-kurta,,,,,,,,,,,,,,,,,,,,,,,FILE://06-portrait-alt.jpg,6,Navy Mul Chikankari Kurta — portrait alt,,,,
15-navy-mul-chikankari-kurta,,,,,,,,,,,,,,,,,,,,,,,FILE://07-yoke-macro.jpg,7,Navy Mul Chikankari Kurta — yoke macro,,,,
15-navy-mul-chikankari-kurta,,,,,,,,,,,,,,,,,,,,,,,FILE://08-bird-motif-macro.jpg,8,Navy Mul Chikankari Kurta — bird motif macro,,,,
15-navy-mul-chikankari-kurta,,,,,,,,,,,,,,,,,,,,,,,FILE://09-yoke-folded-alt.jpg,9,Navy Mul Chikankari Kurta — yoke folded alt,,,,
15-navy-mul-chikankari-kurta,,,,,,,,,,,,,,,,,,,,,,,FILE://10-bird-border-macro.jpg,10,Navy Mul Chikankari Kurta — bird border macro,,,,
16-ivory-mul-paisley-kurta,Ivory Mul Paisley Kurta,"<p>An understated ivory mul kurta with an open paisley medallion outline at the yoke — chikankari at its most restrained and graphic.</p>
<p>The airy, spaced-out design lets the soft mul fabric speak. Best worn for daytime occasions where the embroidery is the only ornament.</p>
<p><strong>Fabric:</strong> Mul Cotton</p>
<p><strong>Colour:</strong> Ivory</p>
<p><strong>Care:</strong> Dry clean only. Store flat, away from direct sunlight.</p>
<p><strong>Origin:</strong> Hand-embroidered in Lucknow, India.</p>",Chikankari Lane,Apparel & Accessories > Clothing,Kurta,"everyday, ivory, kurta, mul-cotton",true,Size,XS,,,16-ivory-mul-paisley-kurta-XS,400,shopify,5,deny,manual,8000.00,,true,true,,FILE://01-flatlay.jpg,1,Ivory Mul Paisley Kurta — flatlay,false,Ivory Mul Paisley Kurta | Hand-Embroidered Lucknowi Chikankari | Chikankari Lane,An understated ivory mul kurta with an open paisley medallion outline at the yoke — chikankari at its most restrained and graphic.,active
16-ivory-mul-paisley-kurta,,,,,,,,Size,S,,,16-ivory-mul-paisley-kurta-S,400,shopify,5,deny,manual,8000.00,,true,true,,,,,,,,
16-ivory-mul-paisley-kurta,,,,,,,,Size,M,,,16-ivory-mul-paisley-kurta-M,400,shopify,5,deny,manual,8000.00,,true,true,,,,,,,,
16-ivory-mul-paisley-kurta,,,,,,,,Size,L,,,16-ivory-mul-paisley-kurta-L,400,shopify,5,deny,manual,8000.00,,true,true,,,,,,,,
16-ivory-mul-paisley-kurta,,,,,,,,Size,XL,,,16-ivory-mul-paisley-kurta-XL,400,shopify,5,deny,manual,8000.00,,true,true,,,,,,,,
16-ivory-mul-paisley-kurta,,,,,,,,Size,XXL,,,16-ivory-mul-paisley-kurta-XXL,400,shopify,5,deny,manual,8000.00,,true,true,,,,,,,,
16-ivory-mul-paisley-kurta,,,,,,,,,,,,,,,,,,,,,,,FILE://02-flatlay-alt.jpg,2,Ivory Mul Paisley Kurta — flatlay alt,,,,
16-ivory-mul-paisley-kurta,,,,,,,,,,,,,,,,,,,,,,,FILE://03-flatlay-alt-2.jpg,3,Ivory Mul Paisley Kurta — flatlay alt 2,,,,
17-ivory-mul-sequinned-chikankari-kurta,Ivory Mul Sequinned Chikankari Kurta,"<p>Dense allover floral chikankari on the yoke and front placket — phanda, murri and jaali stitches in white, accented with sequins and mukaish.</p>
<p>Intricate paisley medallions frame a V-neckline. Substantially heavier embroidery than our lighter pieces — a true festive kurta.</p>
<p>Best paired with churidar, a sheer dupatta, and statement earrings.</p>
<p><strong>Fabric:</strong> Mul Cotton</p>
<p><strong>Colour:</strong> Ivory</p>
<p><strong>Care:</strong> Dry clean only. Store flat, away from direct sunlight.</p>
<p><strong>Origin:</strong> Hand-embroidered in Lucknow, India.</p>",Chikankari Lane,Apparel & Accessories > Clothing,Kurta,"bridal, festive, ivory, kurta, mul-cotton",true,Size,XS,,,17-ivory-mul-sequinned-chikankari-kurta-XS,400,shopify,5,deny,manual,8000.00,,true,true,,FILE://01-yoke.jpg,1,Ivory Mul Sequinned Chikankari Kurta — yoke,false,Ivory Mul Sequinned Chikankari Kurta | Hand-Embroidered Lucknowi Chikankari | Chikankari Lane,"Dense allover floral chikankari on the yoke and front placket — phanda, murri and jaali stitches in white, accented with sequins and mukaish.",active
17-ivory-mul-sequinned-chikankari-kurta,,,,,,,,Size,S,,,17-ivory-mul-sequinned-chikankari-kurta-S,400,shopify,5,deny,manual,8000.00,,true,true,,,,,,,,
17-ivory-mul-sequinned-chikankari-kurta,,,,,,,,Size,M,,,17-ivory-mul-sequinned-chikankari-kurta-M,400,shopify,5,deny,manual,8000.00,,true,true,,,,,,,,
17-ivory-mul-sequinned-chikankari-kurta,,,,,,,,Size,L,,,17-ivory-mul-sequinned-chikankari-kurta-L,400,shopify,5,deny,manual,8000.00,,true,true,,,,,,,,
17-ivory-mul-sequinned-chikankari-kurta,,,,,,,,Size,XL,,,17-ivory-mul-sequinned-chikankari-kurta-XL,400,shopify,5,deny,manual,8000.00,,true,true,,,,,,,,
17-ivory-mul-sequinned-chikankari-kurta,,,,,,,,Size,XXL,,,17-ivory-mul-sequinned-chikankari-kurta-XXL,400,shopify,5,deny,manual,8000.00,,true,true,,,,,,,,
17-ivory-mul-sequinned-chikankari-kurta,,,,,,,,,,,,,,,,,,,,,,,FILE://02-yoke-earrings.jpg,2,Ivory Mul Sequinned Chikankari Kurta — yoke earrings,,,,
17-ivory-mul-sequinned-chikankari-kurta,,,,,,,,,,,,,,,,,,,,,,,FILE://03-yoke-side-light.jpg,3,Ivory Mul Sequinned Chikankari Kurta — yoke side light,,,,
17-ivory-mul-sequinned-chikankari-kurta,,,,,,,,,,,,,,,,,,,,,,,FILE://04-yoke-styled.jpg,4,Ivory Mul Sequinned Chikankari Kurta — yoke styled,,,,
17-ivory-mul-sequinned-chikankari-kurta,,,,,,,,,,,,,,,,,,,,,,,FILE://05-yoke-similar.jpg,5,Ivory Mul Sequinned Chikankari Kurta — yoke similar,,,,
17-ivory-mul-sequinned-chikankari-kurta,,,,,,,,,,,,,,,,,,,,,,,FILE://06-yoke-three-quarter.jpg,6,Ivory Mul Sequinned Chikankari Kurta — yoke three quarter,,,,
17-ivory-mul-sequinned-chikankari-kurta,,,,,,,,,,,,,,,,,,,,,,,FILE://07-portrait.jpg,7,Ivory Mul Sequinned Chikankari Kurta — portrait,,,,
17-ivory-mul-sequinned-chikankari-kurta,,,,,,,,,,,,,,,,,,,,,,,FILE://08-yoke-tray.jpg,8,Ivory Mul Sequinned Chikankari Kurta — yoke tray,,,,
17-ivory-mul-sequinned-chikankari-kurta,,,,,,,,,,,,,,,,,,,,,,,FILE://09-yoke-neckline.jpg,9,Ivory Mul Sequinned Chikankari Kurta — yoke neckline,,,,
17-ivory-mul-sequinned-chikankari-kurta,,,,,,,,,,,,,,,,,,,,,,,FILE://10-embroidery-macro.jpg,10,Ivory Mul Sequinned Chikankari Kurta — embroidery macro,,,,
17-ivory-mul-sequinned-chikankari-kurta,,,,,,,,,,,,,,,,,,,,,,,FILE://11-yoke-neckline-detail.jpg,11,Ivory Mul Sequinned Chikankari Kurta — yoke neckline detail,,,,
17-ivory-mul-sequinned-chikankari-kurta,,,,,,,,,,,,,,,,,,,,,,,FILE://12-yoke-angle.jpg,12,Ivory Mul Sequinned Chikankari Kurta — yoke angle,,,,
17-ivory-mul-sequinned-chikankari-kurta,,,,,,,,,,,,,,,,,,,,,,,FILE://13-stitches-macro.jpg,13,Ivory Mul Sequinned Chikankari Kurta — stitches macro,,,,
18-white-tonal-chikankari-kurta,White Tonal Chikankari Kurta,"<p>Subtle white-on-white tonal chikankari across a textured white cotton base — the most quietly elegant piece in the collection.</p>
<p>The all-over light pattern is built from jaali and bakhiya stitches in matching white thread, so the embroidery reveals itself only in shifting light.</p>
<p>Endlessly versatile. Wears beautifully with both gold and silver jewellery.</p>
<p><strong>Fabric:</strong> Cotton</p>
<p><strong>Colour:</strong> White</p>
<p><strong>Care:</strong> Dry clean only. Store flat, away from direct sunlight.</p>
<p><strong>Origin:</strong> Hand-embroidered in Lucknow, India.</p>",Chikankari Lane,Apparel & Accessories > Clothing,Kurta,"cotton, everyday, kurta, white, workwear",true,Size,XS,,,18-white-tonal-chikankari-kurta-XS,400,shopify,5,deny,manual,8000.00,,true,true,,FILE://01-jewelry-styled.jpg,1,White Tonal Chikankari Kurta — jewelry styled,false,White Tonal Chikankari Kurta | Hand-Embroidered Lucknowi Chikankari | Chikankari Lane,Subtle white-on-white tonal chikankari across a textured white cotton base — the most quietly elegant piece in the collection.,active
18-white-tonal-chikankari-kurta,,,,,,,,Size,S,,,18-white-tonal-chikankari-kurta-S,400,shopify,5,deny,manual,8000.00,,true,true,,,,,,,,
18-white-tonal-chikankari-kurta,,,,,,,,Size,M,,,18-white-tonal-chikankari-kurta-M,400,shopify,5,deny,manual,8000.00,,true,true,,,,,,,,
18-white-tonal-chikankari-kurta,,,,,,,,Size,L,,,18-white-tonal-chikankari-kurta-L,400,shopify,5,deny,manual,8000.00,,true,true,,,,,,,,
18-white-tonal-chikankari-kurta,,,,,,,,Size,XL,,,18-white-tonal-chikankari-kurta-XL,400,shopify,5,deny,manual,8000.00,,true,true,,,,,,,,
18-white-tonal-chikankari-kurta,,,,,,,,Size,XXL,,,18-white-tonal-chikankari-kurta-XXL,400,shopify,5,deny,manual,8000.00,,true,true,,,,,,,,
18-white-tonal-chikankari-kurta,,,,,,,,,,,,,,,,,,,,,,,FILE://02-styled-tighter.jpg,2,White Tonal Chikankari Kurta — styled tighter,,,,
18-white-tonal-chikankari-kurta,,,,,,,,,,,,,,,,,,,,,,,FILE://03-chain-draped.jpg,3,White Tonal Chikankari Kurta — chain draped,,,,
18-white-tonal-chikankari-kurta,,,,,,,,,,,,,,,,,,,,,,,FILE://04-necklace-centered.jpg,4,White Tonal Chikankari Kurta — necklace centered,,,,
18-white-tonal-chikankari-kurta,,,,,,,,,,,,,,,,,,,,,,,FILE://05-side-view.jpg,5,White Tonal Chikankari Kurta — side view,,,,
18-white-tonal-chikankari-kurta,,,,,,,,,,,,,,,,,,,,,,,FILE://06-necklace-diagonal.jpg,6,White Tonal Chikankari Kurta — necklace diagonal,,,,
18-white-tonal-chikankari-kurta,,,,,,,,,,,,,,,,,,,,,,,FILE://07-pendant-detail.jpg,7,White Tonal Chikankari Kurta — pendant detail,,,,
18-white-tonal-chikankari-kurta,,,,,,,,,,,,,,,,,,,,,,,FILE://08-pendant-detail-alt.jpg,8,White Tonal Chikankari Kurta — pendant detail alt,,,,
18-white-tonal-chikankari-kurta,,,,,,,,,,,,,,,,,,,,,,,FILE://09-pendant-detail-alt-2.jpg,9,White Tonal Chikankari Kurta — pendant detail alt 2,,,,
18-white-tonal-chikankari-kurta,,,,,,,,,,,,,,,,,,,,,,,FILE://10-pendant-detail-alt-3.jpg,10,White Tonal Chikankari Kurta — pendant detail alt 3,,,,
18-white-tonal-chikankari-kurta,,,,,,,,,,,,,,,,,,,,,,,FILE://11-necklace-draped.jpg,11,White Tonal Chikankari Kurta — necklace draped,,,,
18-white-tonal-chikankari-kurta,,,,,,,,,,,,,,,,,,,,,,,FILE://12-jewelry-hero.jpg,12,White Tonal Chikankari Kurta — jewelry hero,,,,
18-white-tonal-chikankari-kurta,,,,,,,,,,,,,,,,,,,,,,,FILE://13-with-earrings.jpg,13,White Tonal Chikankari Kurta — with earrings,,,,
18-white-tonal-chikankari-kurta,,,,,,,,,,,,,,,,,,,,,,,FILE://14-necklace-styled.jpg,14,White Tonal Chikankari Kurta — necklace styled,,,,
18-white-tonal-chikankari-kurta,,,,,,,,,,,,,,,,,,,,,,,FILE://15-earrings-tray.jpg,15,White Tonal Chikankari Kurta — earrings tray,,,,
18-white-tonal-chikankari-kurta,,,,,,,,,,,,,,,,,,,,,,,FILE://16-tray-styling.jpg,16,White Tonal Chikankari Kurta — tray styling,,,,
18-white-tonal-chikankari-kurta,,,,,,,,,,,,,,,,,,,,,,,FILE://17-with-jhumkas.jpg,17,White Tonal Chikankari Kurta — with jhumkas,,,,
19-ivory-peach-butti-chikankari-saree,Ivory Peach-Butti Chikankari Saree,"<p>A six-yard saree in lightweight mul chanderi, scattered with small peach butti (paisley) motifs in repeating rhythm.</p>
<p>Vertical bands of dense white chikankari — jaali and phanda — run down the pallu in classic Lucknowi pallu treatment.</p>
<p>Light enough to drape effortlessly. Wear with a contrast blouse and minimal jewellery.</p>
<p><strong>Fabric:</strong> Mul Chanderi</p>
<p><strong>Colour:</strong> Ivory with Peach</p>
<p><strong>Care:</strong> Dry clean only. Store flat, away from direct sunlight.</p>
<p><strong>Origin:</strong> Hand-embroidered in Lucknow, India.</p>",Chikankari Lane,Apparel & Accessories > Clothing,Saree,"bridal, festive, ivory-with-peach, mul-chanderi, saree",true,Size,XS,,,19-ivory-peach-butti-chikankari-saree-XS,400,shopify,5,deny,manual,8000.00,,true,true,,FILE://01-flatlay.jpg,1,Ivory Peach-Butti Chikankari Saree — flatlay,false,Ivory Peach-Butti Chikankari Saree | Hand-Embroidered Lucknowi Chikankari | Chikankari Lane,"A six-yard saree in lightweight mul chanderi, scattered with small peach butti (paisley) motifs in repeating rhythm.",active
19-ivory-peach-butti-chikankari-saree,,,,,,,,Size,S,,,19-ivory-peach-butti-chikankari-saree-S,400,shopify,5,deny,manual,8000.00,,true,true,,,,,,,,
19-ivory-peach-butti-chikankari-saree,,,,,,,,Size,M,,,19-ivory-peach-butti-chikankari-saree-M,400,shopify,5,deny,manual,8000.00,,true,true,,,,,,,,
19-ivory-peach-butti-chikankari-saree,,,,,,,,Size,L,,,19-ivory-peach-butti-chikankari-saree-L,400,shopify,5,deny,manual,8000.00,,true,true,,,,,,,,
19-ivory-peach-butti-chikankari-saree,,,,,,,,Size,XL,,,19-ivory-peach-butti-chikankari-saree-XL,400,shopify,5,deny,manual,8000.00,,true,true,,,,,,,,
19-ivory-peach-butti-chikankari-saree,,,,,,,,Size,XXL,,,19-ivory-peach-butti-chikankari-saree-XXL,400,shopify,5,deny,manual,8000.00,,true,true,,,,,,,,
19-ivory-peach-butti-chikankari-saree,,,,,,,,,,,,,,,,,,,,,,,FILE://02-flatlay-alt.jpg,2,Ivory Peach-Butti Chikankari Saree — flatlay alt,,,,
19-ivory-peach-butti-chikankari-saree,,,,,,,,,,,,,,,,,,,,,,,FILE://03-folded-angled.jpg,3,Ivory Peach-Butti Chikankari Saree — folded angled,,,,
19-ivory-peach-butti-chikankari-saree,,,,,,,,,,,,,,,,,,,,,,,FILE://04-vertical-bands.jpg,4,Ivory Peach-Butti Chikankari Saree — vertical bands,,,,
19-ivory-peach-butti-chikankari-saree,,,,,,,,,,,,,,,,,,,,,,,FILE://05-portrait.jpg,5,Ivory Peach-Butti Chikankari Saree — portrait,,,,
19-ivory-peach-butti-chikankari-saree,,,,,,,,,,,,,,,,,,,,,,,FILE://06-bands-detail.jpg,6,Ivory Peach-Butti Chikankari Saree — bands detail,,,,
19-ivory-peach-butti-chikankari-saree,,,,,,,,,,,,,,,,,,,,,,,FILE://07-folded-angled-alt.jpg,7,Ivory Peach-Butti Chikankari Saree — folded angled alt,,,,
19-ivory-peach-butti-chikankari-saree,,,,,,,,,,,,,,,,,,,,,,,FILE://08-portrait-alt.jpg,8,Ivory Peach-Butti Chikankari Saree — portrait alt,,,,
19-ivory-peach-butti-chikankari-saree,,,,,,,,,,,,,,,,,,,,,,,FILE://09-portrait-alt-2.jpg,9,Ivory Peach-Butti Chikankari Saree — portrait alt 2,,,,
19-ivory-peach-butti-chikankari-saree,,,,,,,,,,,,,,,,,,,,,,,FILE://10-bands-butti-detail.jpg,10,Ivory Peach-Butti Chikankari Saree — bands butti detail,,,,
19-ivory-peach-butti-chikankari-saree,,,,,,,,,,,,,,,,,,,,,,,FILE://11-portrait-alt-3.jpg,11,Ivory Peach-Butti Chikankari Saree — portrait alt 3,,,,
19-ivory-peach-butti-chikankari-saree,,,,,,,,,,,,,,,,,,,,,,,FILE://12-bands-macro.jpg,12,Ivory Peach-Butti Chikankari Saree — bands macro,,,,
19-ivory-peach-butti-chikankari-saree,,,,,,,,,,,,,,,,,,,,,,,FILE://13-folded-detail.jpg,13,Ivory Peach-Butti Chikankari Saree — folded detail,,,,
